<annotation>
	<folder>california</folder>
	<filename>cal4.jpg</filename>
	<path>C:\Users\acer\Desktop\data\california\cal4.jpg</path>
	<source>
		<database>Unknown</database>
	</source>
	<size>
		<width>795</width>
		<height>502</height>
		<depth>3</depth>
	</size>
	<segmented>0</segmented>
	<object>
		<name>DL</name>
		<pose>Unspecified</pose>
		<truncated>0</truncated>
		<difficult>0</difficult>
		<bndbox>
			<xmin>329</xmin>
			<ymin>99</ymin>
			<xmax>445</xmax>
			<ymax>122</ymax>
		</bndbox>
	</object>
	<object>
		<name>Expiry</name>
		<pose>Unspecified</pose>
		<truncated>0</truncated>
		<difficult>0</difficult>
		<bndbox>
			<xmin>332</xmin>
			<ymin>154</ymin>
			<xmax>470</xmax>
			<ymax>183</ymax>
		</bndbox>
	</object>
	<object>
		<name>LastName</name>
		<pose>Unspecified</pose>
		<truncated>0</truncated>
		<difficult>0</difficult>
		<bndbox>
			<xmin>316</xmin>
			<ymin>189</ymin>
			<xmax>391</xmax>
			<ymax>218</ymax>
		</bndbox>
	</object>
	<object>
		<name>FirstName</name>
		<pose>Unspecified</pose>
		<truncated>0</truncated>
		<difficult>0</difficult>
		<bndbox>
			<xmin>321</xmin>
			<ymin>220</ymin>
			<xmax>469</xmax>
			<ymax>242</ymax>
		</bndbox>
	</object>
	<object>
		<name>Address</name>
		<pose>Unspecified</pose>
		<truncated>0</truncated>
		<difficult>0</difficult>
		<bndbox>
			<xmin>277</xmin>
			<ymin>241</ymin>
			<xmax>502</xmax>
			<ymax>286</ymax>
		</bndbox>
	</object>
	<object>
		<name>DOB</name>
		<pose>Unspecified</pose>
		<truncated>0</truncated>
		<difficult>0</difficult>
		<bndbox>
			<xmin>334</xmin>
			<ymin>292</ymin>
			<xmax>481</xmax>
			<ymax>324</ymax>
		</bndbox>
	</object>
	<object>
		<name>RESR</name>
		<pose>Unspecified</pose>
		<truncated>0</truncated>
		<difficult>0</difficult>
		<bndbox>
			<xmin>342</xmin>
			<ymin>329</ymin>
			<xmax>419</xmax>
			<ymax>355</ymax>
		</bndbox>
	</object>
	<object>
		<name>SEX</name>
		<pose>Unspecified</pose>
		<truncated>0</truncated>
		<difficult>0</difficult>
		<bndbox>
			<xmin>412</xmin>
			<ymin>394</ymin>
			<xmax>435</xmax>
			<ymax>425</ymax>
		</bndbox>
	</object>
	<object>
		<name>Height</name>
		<pose>Unspecified</pose>
		<truncated>0</truncated>
		<difficult>0</difficult>
		<bndbox>
			<xmin>413</xmin>
			<ymin>423</ymin>
			<xmax>471</xmax>
			<ymax>448</ymax>
		</bndbox>
	</object>
	<object>
		<name>Weight</name>
		<pose>Unspecified</pose>
		<truncated>0</truncated>
		<difficult>0</difficult>
		<bndbox>
			<xmin>551</xmin>
			<ymin>420</ymin>
			<xmax>618</xmax>
			<ymax>447</ymax>
		</bndbox>
	</object>
	<object>
		<name>Hair</name>
		<pose>Unspecified</pose>
		<truncated>0</truncated>
		<difficult>0</difficult>
		<bndbox>
			<xmin>550</xmin>
			<ymin>400</ymin>
			<xmax>599</xmax>
			<ymax>424</ymax>
		</bndbox>
	</object>
	<object>
		<name>Eyes</name>
		<pose>Unspecified</pose>
		<truncated>0</truncated>
		<difficult>0</difficult>
		<bndbox>
			<xmin>686</xmin>
			<ymin>401</ymin>
			<xmax>739</xmax>
			<ymax>427</ymax>
		</bndbox>
	</object>
	<object>
		<name>Endorsment</name>
		<pose>Unspecified</pose>
		<truncated>0</truncated>
		<difficult>0</difficult>
		<bndbox>
			<xmin>635</xmin>
			<ymin>154</ymin>
			<xmax>709</xmax>
			<ymax>184</ymax>
		</bndbox>
	</object>
</annotation>
