<annotation>
	<folder>washington</folder>
	<filename>DC3.jpg</filename>
	<path>C:\Users\acer\Desktop\images\washington\DC (3).jpg</path>
	<source>
		<database>Unknown</database>
	</source>
	<size>
		<width>855</width>
		<height>600</height>
		<depth>3</depth>
	</size>
	<segmented>0</segmented>
	<object>
		<name>DL</name>
		<pose>Unspecified</pose>
		<truncated>0</truncated>
		<difficult>0</difficult>
		<bndbox>
			<xmin>300</xmin>
			<ymin>189</ymin>
			<xmax>373</xmax>
			<ymax>204</ymax>
		</bndbox>
	</object>
	<object>
		<name>LastName</name>
		<pose>Unspecified</pose>
		<truncated>0</truncated>
		<difficult>0</difficult>
		<bndbox>
			<xmin>300</xmin>
			<ymin>272</ymin>
			<xmax>381</xmax>
			<ymax>286</ymax>
		</bndbox>
	</object>
	<object>
		<name>FirstName</name>
		<pose>Unspecified</pose>
		<truncated>0</truncated>
		<difficult>0</difficult>
		<bndbox>
			<xmin>300</xmin>
			<ymin>256</ymin>
			<xmax>381</xmax>
			<ymax>271</ymax>
		</bndbox>
	</object>
	<object>
		<name>Address</name>
		<pose>Unspecified</pose>
		<truncated>0</truncated>
		<difficult>0</difficult>
		<bndbox>
			<xmin>298</xmin>
			<ymin>305</ymin>
			<xmax>672</xmax>
			<ymax>349</ymax>
		</bndbox>
	</object>
	<object>
		<name>SEX</name>
		<pose>Unspecified</pose>
		<truncated>0</truncated>
		<difficult>0</difficult>
		<bndbox>
			<xmin>295</xmin>
			<ymin>367</ymin>
			<xmax>318</xmax>
			<ymax>384</ymax>
		</bndbox>
	</object>
	<object>
		<name>Height</name>
		<pose>Unspecified</pose>
		<truncated>0</truncated>
		<difficult>0</difficult>
		<bndbox>
			<xmin>349</xmin>
			<ymin>367</ymin>
			<xmax>390</xmax>
			<ymax>388</ymax>
		</bndbox>
	</object>
	<object>
		<name>Weight</name>
		<pose>Unspecified</pose>
		<truncated>0</truncated>
		<difficult>0</difficult>
		<bndbox>
			<xmin>405</xmin>
			<ymin>367</ymin>
			<xmax>448</xmax>
			<ymax>393</ymax>
		</bndbox>
	</object>
	<object>
		<name>Eyes</name>
		<pose>Unspecified</pose>
		<truncated>0</truncated>
		<difficult>0</difficult>
		<bndbox>
			<xmin>453</xmin>
			<ymin>368</ymin>
			<xmax>510</xmax>
			<ymax>387</ymax>
		</bndbox>
	</object>
	<object>
		<name>DOB</name>
		<pose>Unspecified</pose>
		<truncated>0</truncated>
		<difficult>0</difficult>
		<bndbox>
			<xmin>532</xmin>
			<ymin>367</ymin>
			<xmax>621</xmax>
			<ymax>389</ymax>
		</bndbox>
	</object>
	<object>
		<name>Endorsment</name>
		<pose>Unspecified</pose>
		<truncated>0</truncated>
		<difficult>0</difficult>
		<bndbox>
			<xmin>296</xmin>
			<ymin>437</ymin>
			<xmax>349</xmax>
			<ymax>458</ymax>
		</bndbox>
	</object>
	<object>
		<name>RESR</name>
		<pose>Unspecified</pose>
		<truncated>0</truncated>
		<difficult>0</difficult>
		<bndbox>
			<xmin>294</xmin>
			<ymin>468</ymin>
			<xmax>320</xmax>
			<ymax>492</ymax>
		</bndbox>
	</object>
	<object>
		<name>Expiry</name>
		<pose>Unspecified</pose>
		<truncated>0</truncated>
		<difficult>0</difficult>
		<bndbox>
			<xmin>454</xmin>
			<ymin>187</ymin>
			<xmax>554</xmax>
			<ymax>207</ymax>
		</bndbox>
	</object>
</annotation>
