<annotation>
	<folder>wisconsin</folder>
	<filename>Wisconsin3.jpg</filename>
	<path>C:\Users\acer\Desktop\images\wisconsin\Wisconsin (3).jpg</path>
	<source>
		<database>Unknown</database>
	</source>
	<size>
		<width>1395</width>
		<height>916</height>
		<depth>3</depth>
	</size>
	<segmented>0</segmented>
	<object>
		<name>DL</name>
		<pose>Unspecified</pose>
		<truncated>0</truncated>
		<difficult>0</difficult>
		<bndbox>
			<xmin>495</xmin>
			<ymin>202</ymin>
			<xmax>863</xmax>
			<ymax>247</ymax>
		</bndbox>
	</object>
	<object>
		<name>FirstName</name>
		<pose>Unspecified</pose>
		<truncated>0</truncated>
		<difficult>0</difficult>
		<bndbox>
			<xmin>498</xmin>
			<ymin>296</ymin>
			<xmax>811</xmax>
			<ymax>332</ymax>
		</bndbox>
	</object>
	<object>
		<name>LastName</name>
		<pose>Unspecified</pose>
		<truncated>0</truncated>
		<difficult>0</difficult>
		<bndbox>
			<xmin>488</xmin>
			<ymin>249</ymin>
			<xmax>672</xmax>
			<ymax>284</ymax>
		</bndbox>
	</object>
	<object>
		<name>Address</name>
		<pose>Unspecified</pose>
		<truncated>0</truncated>
		<difficult>0</difficult>
		<bndbox>
			<xmin>500</xmin>
			<ymin>377</ymin>
			<xmax>860</xmax>
			<ymax>458</ymax>
		</bndbox>
	</object>
	<object>
		<name>SEX</name>
		<pose>Unspecified</pose>
		<truncated>0</truncated>
		<difficult>0</difficult>
		<bndbox>
			<xmin>553</xmin>
			<ymin>620</ymin>
			<xmax>603</xmax>
			<ymax>659</ymax>
		</bndbox>
	</object>
	<object>
		<name>Weight</name>
		<pose>Unspecified</pose>
		<truncated>0</truncated>
		<difficult>0</difficult>
		<bndbox>
			<xmin>559</xmin>
			<ymin>665</ymin>
			<xmax>675</xmax>
			<ymax>704</ymax>
		</bndbox>
	</object>
	<object>
		<name>Hair</name>
		<pose>Unspecified</pose>
		<truncated>0</truncated>
		<difficult>0</difficult>
		<bndbox>
			<xmin>563</xmin>
			<ymin>708</ymin>
			<xmax>647</xmax>
			<ymax>743</ymax>
		</bndbox>
	</object>
	<object>
		<name>DOB</name>
		<pose>Unspecified</pose>
		<truncated>0</truncated>
		<difficult>0</difficult>
		<bndbox>
			<xmin>562</xmin>
			<ymin>750</ymin>
			<xmax>796</xmax>
			<ymax>792</ymax>
		</bndbox>
	</object>
	<object>
		<name>Endorsment</name>
		<pose>Unspecified</pose>
		<truncated>0</truncated>
		<difficult>0</difficult>
		<bndbox>
			<xmin>560</xmin>
			<ymin>795</ymin>
			<xmax>684</xmax>
			<ymax>835</ymax>
		</bndbox>
	</object>
	<object>
		<name>Height</name>
		<pose>Unspecified</pose>
		<truncated>0</truncated>
		<difficult>0</difficult>
		<bndbox>
			<xmin>800</xmin>
			<ymin>625</ymin>
			<xmax>927</xmax>
			<ymax>665</ymax>
		</bndbox>
	</object>
	<object>
		<name>Eyes</name>
		<pose>Unspecified</pose>
		<truncated>0</truncated>
		<difficult>0</difficult>
		<bndbox>
			<xmin>798</xmin>
			<ymin>670</ymin>
			<xmax>902</xmax>
			<ymax>699</ymax>
		</bndbox>
	</object>
	<object>
		<name>Expiry</name>
		<pose>Unspecified</pose>
		<truncated>0</truncated>
		<difficult>0</difficult>
		<bndbox>
			<xmin>912</xmin>
			<ymin>756</ymin>
			<xmax>1168</xmax>
			<ymax>793</ymax>
		</bndbox>
	</object>
</annotation>
