<annotation>
	<folder>wisconsin</folder>
	<filename>illinois_drivers_license.png</filename>
	<path>C:\Users\acer\Desktop\images\wisconsin\illinois_drivers_license.png</path>
	<source>
		<database>Unknown</database>
	</source>
	<size>
		<width>739</width>
		<height>471</height>
		<depth>3</depth>
	</size>
	<segmented>0</segmented>
	<object>
		<name>DL</name>
		<pose>Unspecified</pose>
		<truncated>0</truncated>
		<difficult>0</difficult>
		<bndbox>
			<xmin>339</xmin>
			<ymin>151</ymin>
			<xmax>573</xmax>
			<ymax>180</ymax>
		</bndbox>
	</object>
	<object>
		<name>DOB</name>
		<pose>Unspecified</pose>
		<truncated>0</truncated>
		<difficult>0</difficult>
		<bndbox>
			<xmin>334</xmin>
			<ymin>182</ymin>
			<xmax>471</xmax>
			<ymax>216</ymax>
		</bndbox>
	</object>
	<object>
		<name>Expiry</name>
		<pose>Unspecified</pose>
		<truncated>0</truncated>
		<difficult>0</difficult>
		<bndbox>
			<xmin>334</xmin>
			<ymin>219</ymin>
			<xmax>471</xmax>
			<ymax>240</ymax>
		</bndbox>
	</object>
	<object>
		<name>Endorsment</name>
		<pose>Unspecified</pose>
		<truncated>0</truncated>
		<difficult>0</difficult>
		<bndbox>
			<xmin>626</xmin>
			<ymin>226</ymin>
			<xmax>677</xmax>
			<ymax>245</ymax>
		</bndbox>
	</object>
	<object>
		<name>RESR</name>
		<pose>Unspecified</pose>
		<truncated>0</truncated>
		<difficult>0</difficult>
		<bndbox>
			<xmin>625</xmin>
			<ymin>249</ymin>
			<xmax>707</xmax>
			<ymax>267</ymax>
		</bndbox>
	</object>
	<object>
		<name>FirstName</name>
		<pose>Unspecified</pose>
		<truncated>0</truncated>
		<difficult>0</difficult>
		<bndbox>
			<xmin>334</xmin>
			<ymin>286</ymin>
			<xmax>421</xmax>
			<ymax>309</ymax>
		</bndbox>
	</object>
	<object>
		<name>LastName</name>
		<pose>Unspecified</pose>
		<truncated>0</truncated>
		<difficult>0</difficult>
		<bndbox>
			<xmin>245</xmin>
			<ymin>289</ymin>
			<xmax>329</xmax>
			<ymax>310</ymax>
		</bndbox>
	</object>
	<object>
		<name>Address</name>
		<pose>Unspecified</pose>
		<truncated>0</truncated>
		<difficult>0</difficult>
		<bndbox>
			<xmin>249</xmin>
			<ymin>312</ymin>
			<xmax>452</xmax>
			<ymax>355</ymax>
		</bndbox>
	</object>
	<object>
		<name>SEX</name>
		<pose>Unspecified</pose>
		<truncated>0</truncated>
		<difficult>0</difficult>
		<bndbox>
			<xmin>240</xmin>
			<ymin>415</ymin>
			<xmax>320</xmax>
			<ymax>447</ymax>
		</bndbox>
	</object>
	<object>
		<name>Height</name>
		<pose>Unspecified</pose>
		<truncated>0</truncated>
		<difficult>0</difficult>
		<bndbox>
			<xmin>326</xmin>
			<ymin>418</ymin>
			<xmax>371</xmax>
			<ymax>448</ymax>
		</bndbox>
	</object>
	<object>
		<name>Weight</name>
		<pose>Unspecified</pose>
		<truncated>0</truncated>
		<difficult>0</difficult>
		<bndbox>
			<xmin>387</xmin>
			<ymin>417</ymin>
			<xmax>454</xmax>
			<ymax>449</ymax>
		</bndbox>
	</object>
	<object>
		<name>Eyes</name>
		<pose>Unspecified</pose>
		<truncated>0</truncated>
		<difficult>0</difficult>
		<bndbox>
			<xmin>465</xmin>
			<ymin>416</ymin>
			<xmax>556</xmax>
			<ymax>449</ymax>
		</bndbox>
	</object>
</annotation>
