<annotation>
	<folder>illinois</folder>
	<filename>ill (2).jpg</filename>
	<path>C:\Users\acer\Desktop\images\illinois\ill (2).jpg</path>
	<source>
		<database>Unknown</database>
	</source>
	<size>
		<width>571</width>
		<height>378</height>
		<depth>3</depth>
	</size>
	<segmented>0</segmented>
	<object>
		<name>DL</name>
		<pose>Unspecified</pose>
		<truncated>0</truncated>
		<difficult>0</difficult>
		<bndbox>
			<xmin>261</xmin>
			<ymin>120</ymin>
			<xmax>424</xmax>
			<ymax>143</ymax>
		</bndbox>
	</object>
	<object>
		<name>DOB</name>
		<pose>Unspecified</pose>
		<truncated>0</truncated>
		<difficult>0</difficult>
		<bndbox>
			<xmin>260</xmin>
			<ymin>146</ymin>
			<xmax>350</xmax>
			<ymax>163</ymax>
		</bndbox>
	</object>
	<object>
		<name>Expiry</name>
		<pose>Unspecified</pose>
		<truncated>0</truncated>
		<difficult>0</difficult>
		<bndbox>
			<xmin>260</xmin>
			<ymin>167</ymin>
			<xmax>350</xmax>
			<ymax>183</ymax>
		</bndbox>
	</object>
	<object>
		<name>FirstName</name>
		<pose>Unspecified</pose>
		<truncated>0</truncated>
		<difficult>0</difficult>
		<bndbox>
			<xmin>201</xmin>
			<ymin>218</ymin>
			<xmax>274</xmax>
			<ymax>233</ymax>
		</bndbox>
	</object>
	<object>
		<name>LastName</name>
		<pose>Unspecified</pose>
		<truncated>0</truncated>
		<difficult>0</difficult>
		<bndbox>
			<xmin>280</xmin>
			<ymin>217</ymin>
			<xmax>321</xmax>
			<ymax>233</ymax>
		</bndbox>
	</object>
	<object>
		<name>Address</name>
		<pose>Unspecified</pose>
		<truncated>0</truncated>
		<difficult>0</difficult>
		<bndbox>
			<xmin>198</xmin>
			<ymin>236</ymin>
			<xmax>390</xmax>
			<ymax>267</ymax>
		</bndbox>
	</object>
	<object>
		<name>SEX</name>
		<pose>Unspecified</pose>
		<truncated>0</truncated>
		<difficult>0</difficult>
		<bndbox>
			<xmin>199</xmin>
			<ymin>314</ymin>
			<xmax>248</xmax>
			<ymax>330</ymax>
		</bndbox>
	</object>
	<object>
		<name>Height</name>
		<pose>Unspecified</pose>
		<truncated>0</truncated>
		<difficult>0</difficult>
		<bndbox>
			<xmin>253</xmin>
			<ymin>313</ymin>
			<xmax>292</xmax>
			<ymax>332</ymax>
		</bndbox>
	</object>
	<object>
		<name>Weight</name>
		<pose>Unspecified</pose>
		<truncated>0</truncated>
		<difficult>0</difficult>
		<bndbox>
			<xmin>298</xmin>
			<ymin>312</ymin>
			<xmax>346</xmax>
			<ymax>332</ymax>
		</bndbox>
	</object>
	<object>
		<name>Eyes</name>
		<pose>Unspecified</pose>
		<truncated>0</truncated>
		<difficult>0</difficult>
		<bndbox>
			<xmin>353</xmin>
			<ymin>313</ymin>
			<xmax>413</xmax>
			<ymax>332</ymax>
		</bndbox>
	</object>
	<object>
		<name>Endorsment</name>
		<pose>Unspecified</pose>
		<truncated>0</truncated>
		<difficult>0</difficult>
		<bndbox>
			<xmin>466</xmin>
			<ymin>175</ymin>
			<xmax>506</xmax>
			<ymax>187</ymax>
		</bndbox>
	</object>
	<object>
		<name>RESR</name>
		<pose>Unspecified</pose>
		<truncated>0</truncated>
		<difficult>0</difficult>
		<bndbox>
			<xmin>465</xmin>
			<ymin>189</ymin>
			<xmax>521</xmax>
			<ymax>204</ymax>
		</bndbox>
	</object>
</annotation>
